Title,ASIN,SKU,Status
Favorite 28,B013CEYSC6,FR10FAS28,Discontinued
Sweet 28,B07HMLRDRB,FR10SWS28,Discontinued
Afternoon Tea,B071NL7K2P,FR10ATS,Discontinued
All American 6,B0719159KW,FR10AAS,Discontinued
Baby Shower,B0BT6TL5CL,FR10BHS,Discontinued
Ballpark,B09CD49T8W,FR10BPS,Discontinued
Barbershop 6,B08DL9198S,FR10BBS,Discontinued
Beach 6,B071NJKYCD,FR10BES,Discontinued
Birthday 6, B0855DLMRT,FR10BIS,Discontinued
Bonfire,B07HM94SFL,FR10BOS,Discontinued
Bridal,B09CCVKMMS,FR10BDS,Discontinued
Carnival 6,B071184JYZ,FR10CVS,Discontinued
Clean 6,B017JFQ1V0,FR10CLS,Discontinued
Coastal,B09CD67STT,FR10COS,Discontinued
Dad's 6,B0855D8ZQ4,FR10DAS,Discontinued
Elements 6,B07HMCG366,FR10ELS,Discontinued
Far East 6,B072L6QVWC,FR10FES,Discontinued
Fourth of July,B0855JXPZ1,FR10JUS,Discontinued
Garden,B09CD633X1,FR10GAS,Discontinued
Happy,B07HM82TDL,FR10HYS,Discontinued
Kids Craft 6,B0BT6Y26BC,FR10KTS,Discontinued
Mom's ,B0855F1R1T,FR10MOS,Discontinued
Mountain Home,B09CD14BTH,FR10MHS,Discontinued
Picnic 6,#N/A,FR10PNS,Discontinued
Polynesian 6,B0855KXM2Z,FR10POS,Discontinued
Southern 6,B072F1H8GS,FR10SOS,Discontinued
Spring Flowers 6 ,B0855N5KMF,FR10SFS,Discontinued
Tropical Fruit,B09CCJ8XG1,FR10TFS,Discontinued
Wildflowers 6,B0855M1QPN,FR10WFS,Discontinued
Woodshop 6,B071YSBQXP,FR10WOS,Discontinued
